date,team_1,team_2,score_1,score_2,result,tournament,game_url,avg_moneyline_1,avg_moneyline_2,high_moneyline_1,high_moneyline_2
29-09-2024,LAC,KC,10,17,0,NFL,usa/nfl/los-angeles-chargers-kansas-city-chiefs-YkpoJia6/,251,-321,266,-286
22-09-2024,PIT,LAC,20,10,1,NFL,usa/nfl/pittsburgh-steelers-los-angeles-chargers-UwPHw4Oa/,-145,121,-139,127
15-09-2024,CAR,LAC,3,26,0,NFL,usa/nfl/carolina-panthers-los-angeles-chargers-E9mjby5j/,171,-208,185,-192
08-09-2024,LAC,LV,22,10,1,NFL,usa/nfl/los-angeles-chargers-las-vegas-raiders-p8MULJu0/,-158,130,-149,135
24-08-2024,DAL,LAC,19,26,0,NFL,usa/nfl/dallas-cowboys-los-angeles-chargers-d4i4mC4c/,-197,159,-189,170
17-08-2024,LAC,LAR,9,13,0,NFL,usa/nfl/los-angeles-chargers-los-angeles-rams-OfktS4xK/,-200,155,-185,170
10-08-2024,LAC,SEA,3,16,0,NFL,usa/nfl/los-angeles-chargers-seattle-seahawks-0IZr62b3/,143,-184,156,-161
07-01-2024,LAC,KC,12,13,0,NFL_2023/2024,usa/nfl-2023-2024/los-angeles-chargers-kansas-city-chiefs-QkfMNY33/,-180,149,-167,160
31-12-2023,DEN,LAC,16,9,1,NFL_2023/2024,usa/nfl-2023-2024/denver-broncos-los-angeles-chargers-vZVvBeKc/,-185,153,-175,165
23-12-2023,LAC,BUF,22,24,0,NFL_2023/2024,usa/nfl-2023-2024/los-angeles-chargers-buffalo-bills-jXZisQa0/,521,-759,625,-667
14-12-2023,LV,LAC,63,21,1,NFL_2023/2024,usa/nfl-2023-2024/las-vegas-raiders-los-angeles-chargers-jcJrGm11/,-158,132,-147,140
10-12-2023,LAC,DEN,7,24,0,NFL_2023/2024,usa/nfl-2023-2024/los-angeles-chargers-denver-broncos-Au32zInG/,-165,138,-149,150
03-12-2023,NE,LAC,0,6,0,NFL_2023/2024,usa/nfl-2023-2024/new-england-patriots-los-angeles-chargers-URpwDNlh/,179,-219,200,-204
26-11-2023,LAC,BAL,10,20,0,NFL_2023/2024,usa/nfl-2023-2024/los-angeles-chargers-baltimore-ravens-b7GOg0lU/,139,-167,149,-149
19-11-2023,GB,LAC,23,20,1,NFL_2023/2024,usa/nfl-2023-2024/green-bay-packers-los-angeles-chargers-Ol8m0Pmk/,133,-160,140,-152
12-11-2023,LAC,DET,38,41,0,NFL_2023/2024,usa/nfl-2023-2024/los-angeles-chargers-detroit-lions-0jswflRF/,114,-137,118,-127
06-11-2023,NYJ,LAC,6,27,0,NFL_2023/2024,usa/nfl-2023-2024/new-york-jets-los-angeles-chargers-tS70tVdG/,146,-177,158,-169
29-10-2023,LAC,CHI,30,13,1,NFL_2023/2024,usa/nfl-2023-2024/los-angeles-chargers-chicago-bears-2Hd1XZDo/,-484,359,-435,400
22-10-2023,KC,LAC,31,17,1,NFL_2023/2024,usa/nfl-2023-2024/kansas-city-chiefs-los-angeles-chargers-UVbeI38s/,-251,205,-233,227
16-10-2023,LAC,DAL,17,20,0,NFL_2023/2024,usa/nfl-2023-2024/los-angeles-chargers-dallas-cowboys-xYcoA6GK/,105,-125,110,-119
01-10-2023,LAC,LV,24,17,1,NFL_2023/2024,usa/nfl-2023-2024/los-angeles-chargers-las-vegas-raiders-Ywny9KJh/,-282,226,-263,245
24-09-2023,MIN,LAC,24,28,0,NFL_2023/2024,usa/nfl-2023-2024/minnesota-vikings-los-angeles-chargers-vsWNrO5m/,-112,-108,-105,-104
17-09-2023,TEN,LAC,27,24,1,NFL_2023/2024,usa/nfl-2023-2024/tennessee-titans-los-angeles-chargers-4Q8HRVUe/,123,-148,129,-143
10-09-2023,LAC,MIA,34,36,0,NFL_2023/2024,usa/nfl-2023-2024/los-angeles-chargers-miami-dolphins-YNg4KENS/,-164,136,-159,143
25-08-2023,SF,LAC,12,23,0,NFL_2023/2024,usa/nfl-2023-2024/san-francisco-49ers-los-angeles-chargers-Kxa09M4H/,-382,271,-345,285
20-08-2023,LAC,NO,17,22,0,NFL_2023/2024,usa/nfl-2023-2024/los-angeles-chargers-new-orleans-saints-dbEzFQzt/,132,-168,145,-154
12-08-2023,LAR,LAC,17,34,0,NFL_2023/2024,usa/nfl-2023-2024/los-angeles-rams-los-angeles-chargers-2NHpdCU0/,-145,114,-133,127
14-01-2023,JAX,LAC,31,30,1,NFL_2022/2023,usa/nfl-2022-2023/jacksonville-jaguars-los-angeles-chargers-Ewyp6MxI/,112,-135,118,-127
08-01-2023,DEN,LAC,31,28,1,NFL_2022/2023,usa/nfl-2022-2023/denver-broncos-los-angeles-chargers-A3w77ctT/,-272,220,-250,229
01-01-2023,LAC,LAR,31,10,1,NFL_2022/2023,usa/nfl-2022-2023/los-angeles-chargers-los-angeles-rams-ziY5bSNA/,-286,227,-263,240
26-12-2022,IND,LAC,3,20,0,NFL_2022/2023,usa/nfl-2022-2023/indianapolis-colts-los-angeles-chargers-fHO8Um9U/,160,-194,175,-182
18-12-2022,LAC,TEN,17,14,1,NFL_2022/2023,usa/nfl-2022-2023/los-angeles-chargers-tennessee-titans-p0lQt3d8/,-159,132,-149,143
11-12-2022,LAC,MIA,23,17,1,NFL_2022/2023,usa/nfl-2022-2023/los-angeles-chargers-miami-dolphins-CftYpFhI/,143,-172,158,-164
04-12-2022,LV,LAC,27,20,1,NFL_2022/2023,usa/nfl-2022-2023/las-vegas-raiders-los-angeles-chargers-0ImpcwW6/,-142,118,-125,125
27-11-2022,ARI,LAC,24,25,0,NFL_2022/2023,usa/nfl-2022-2023/arizona-cardinals-los-angeles-chargers-WxESV0X7/,120,-145,131,-141
20-11-2022,LAC,KC,27,30,0,NFL_2022/2023,usa/nfl-2022-2023/los-angeles-chargers-kansas-city-chiefs-0ILtMP3q/,196,-241,225,-227
13-11-2022,SF,LAC,22,16,1,NFL_2022/2023,usa/nfl-2022-2023/san-francisco-49ers-los-angeles-chargers-K0uRRfz5/,-373,289,-345,305
06-11-2022,ATL,LAC,17,20,0,NFL_2022/2023,usa/nfl-2022-2023/atlanta-falcons-los-angeles-chargers-OWlf40xs/,124,-149,131,-137
23-10-2022,LAC,SEA,23,37,0,NFL_2022/2023,usa/nfl-2022-2023/los-angeles-chargers-seattle-seahawks-IcAHfj9F/,-224,180,-200,195
17-10-2022,LAC,DEN,19,16,1,NFL_2022/2023,usa/nfl-2022-2023/los-angeles-chargers-denver-broncos-4lcVrgA3/,-197,163,-185,172
09-10-2022,CLE,LAC,28,30,0,NFL_2022/2023,usa/nfl-2022-2023/cleveland-browns-los-angeles-chargers-M9mlWf90/,100,-120,106,-108
02-10-2022,HOU,LAC,24,34,0,NFL_2022/2023,usa/nfl-2022-2023/houston-texans-los-angeles-chargers-hGGbLwer/,196,-243,204,-227
25-09-2022,LAC,JAX,10,38,0,NFL_2022/2023,usa/nfl-2022-2023/los-angeles-chargers-jacksonville-jaguars-02mdDt3L/,-265,212,-244,225
15-09-2022,KC,LAC,27,24,1,NFL_2022/2023,usa/nfl-2022-2023/kansas-city-chiefs-los-angeles-chargers-hKjDrVcU/,-203,167,-189,179
11-09-2022,LAC,LV,24,19,1,NFL_2022/2023,usa/nfl-2022-2023/los-angeles-chargers-las-vegas-raiders-hM9kg6ga/,-185,155,-175,163
26-08-2022,NO,LAC,27,10,1,NFL_2022/2023,usa/nfl-2022-2023/new-orleans-saints-los-angeles-chargers-C6zvZwEq/,-200,151,-182,173
20-08-2022,LAC,DAL,18,32,0,NFL_2022/2023,usa/nfl-2022-2023/los-angeles-chargers-dallas-cowboys-zLPaLKqp/,-235,174,-213,194
13-08-2022,LAC,LAR,22,29,0,NFL_2022/2023,usa/nfl-2022-2023/los-angeles-chargers-los-angeles-rams-t0utSV0a/,-172,133,-159,143
09-01-2022,LV,LAC,35,32,1,NFL_2021/2022,usa/nfl-2021-2022/las-vegas-raiders-los-angeles-chargers-A754TsQa/,148,-176,154,-167
02-01-2022,LAC,DEN,34,13,1,NFL_2021/2022,usa/nfl-2021-2022/los-angeles-chargers-denver-broncos-hdv01Pt7/,-362,281,-303,320
26-12-2021,HOU,LAC,41,29,1,NFL_2021/2022,usa/nfl-2021-2022/houston-texans-los-angeles-chargers-dr8LCbqi/,490,-699,520,-625
16-12-2021,LAC,KC,28,34,0,NFL_2021/2022,usa/nfl-2021-2022/los-angeles-chargers-kansas-city-chiefs-lrl4mrGu/,149,-174,154,-167
12-12-2021,LAC,NYG,37,21,1,NFL_2021/2022,usa/nfl-2021-2022/los-angeles-chargers-new-york-giants-2mPVVNN5/,-419,332,-385,347
05-12-2021,CIN,LAC,22,41,0,NFL_2021/2022,usa/nfl-2021-2022/cincinnati-bengals-los-angeles-chargers-lCLTFBX7/,-146,123,-135,129
28-11-2021,DEN,LAC,28,13,1,NFL_2021/2022,usa/nfl-2021-2022/denver-broncos-los-angeles-chargers-6T3w5fJk/,124,-146,131,-141
21-11-2021,LAC,PIT,41,37,1,NFL_2021/2022,usa/nfl-2021-2022/los-angeles-chargers-pittsburgh-steelers-YclQcwCM/,-268,222,-244,240
14-11-2021,LAC,MIN,20,27,0,NFL_2021/2022,usa/nfl-2021-2022/los-angeles-chargers-minnesota-vikings-4KoHzh8s/,-183,157,-169,171
07-11-2021,PHI,LAC,24,27,0,NFL_2021/2022,usa/nfl-2021-2022/philadelphia-eagles-los-angeles-chargers-pGxaUGo8/,-107,-110,-101,-109
31-10-2021,LAC,NE,24,27,0,NFL_2021/2022,usa/nfl-2021-2022/los-angeles-chargers-new-england-patriots-rFj3TFqH/,-188,162,-175,170
17-10-2021,BAL,LAC,34,6,1,NFL_2021/2022,usa/nfl-2021-2022/baltimore-ravens-los-angeles-chargers-xEH8jtn6/,-161,138,-156,146
10-10-2021,LAC,CLE,47,42,1,NFL_2021/2022,usa/nfl-2021-2022/los-angeles-chargers-cleveland-browns-0foFt5Is/,-133,114,-127,120
04-10-2021,LAC,LV,28,14,1,NFL_2021/2022,usa/nfl-2021-2022/los-angeles-chargers-las-vegas-raiders-lC93of49/,-169,145,-164,150
26-09-2021,KC,LAC,24,30,0,NFL_2021/2022,usa/nfl-2021-2022/kansas-city-chiefs-los-angeles-chargers-nkUC7vM4/,-293,240,-278,260
19-09-2021,LAC,DAL,17,20,0,NFL_2021/2022,usa/nfl-2021-2022/los-angeles-chargers-dallas-cowboys-fcMp45FC/,-159,136,-149,140
12-09-2021,WSH,LAC,16,20,0,NFL_2021/2022,usa/nfl-2021-2022/washington-commanders-los-angeles-chargers-KtLVftL1/,-130,111,-125,118
28-08-2021,SEA,LAC,27,0,1,NFL_2021/2022,usa/nfl-2021-2022/seattle-seahawks-los-angeles-chargers-6eUoe3xO/,-264,206,-244,218
22-08-2021,LAC,SF,10,15,0,NFL_2021/2022,usa/nfl-2021-2022/los-angeles-chargers-san-francisco-49ers-80Wz8UbF/,232,-301,248,-278
14-08-2021,LAR,LAC,6,13,0,NFL_2021/2022,usa/nfl-2021-2022/los-angeles-rams-los-angeles-chargers-0xzul97q/,154,-191,165,-182
03-01-2021,KC,LAC,21,38,0,NFL_2020/2021,usa/nfl-2020-2021/kansas-city-chiefs-los-angeles-chargers-rJbvsdbE/,242,-294,246,-278
27-12-2020,LAC,DEN,19,16,1,NFL_2020/2021,usa/nfl-2020-2021/los-angeles-chargers-denver-broncos-8KtTsHRA/,-128,109,-120,112
17-12-2020,LV,LAC,27,30,0,NFL_2020/2021,usa/nfl-2020-2021/las-vegas-raiders-los-angeles-chargers-fXdWPr6P/,-181,154,-172,165
13-12-2020,LAC,ATL,20,17,1,NFL_2020/2021,usa/nfl-2020-2021/los-angeles-chargers-atlanta-falcons-6c1x41q6/,-120,100,-115,106
06-12-2020,LAC,NE,0,45,0,NFL_2020/2021,usa/nfl-2020-2021/los-angeles-chargers-new-england-patriots-CG5HCYV8/,-134,112,-128,123
29-11-2020,BUF,LAC,27,17,1,NFL_2020/2021,usa/nfl-2020-2021/buffalo-bills-los-angeles-chargers-xMqzVzmT/,-217,180,-208,188
22-11-2020,LAC,NYJ,34,28,1,NFL_2020/2021,usa/nfl-2020-2021/los-angeles-chargers-new-york-jets-ADS6gv7t/,-449,346,-417,370
15-11-2020,MIA,LAC,29,21,1,NFL_2020/2021,usa/nfl-2020-2021/miami-dolphins-los-angeles-chargers-SECzmfjO/,-128,106,-123,116
08-11-2020,LAC,LV,26,31,0,NFL_2020/2021,usa/nfl-2020-2021/los-angeles-chargers-las-vegas-raiders-v5AlVOPE/,-103,-116,104,-110
01-11-2020,DEN,LAC,31,30,1,NFL_2020/2021,usa/nfl-2020-2021/denver-broncos-los-angeles-chargers-MmCOCyRp/,131,-155,150,-147
25-10-2020,LAC,JAX,39,29,1,NFL_2020/2021,usa/nfl-2020-2021/los-angeles-chargers-jacksonville-jaguars-fsUKd4Jk/,-382,294,-370,325
12-10-2020,NO,LAC,30,27,1,NFL_2020/2021,usa/nfl-2020-2021/new-orleans-saints-los-angeles-chargers-MXk5osFJ/,-337,270,-303,287
04-10-2020,TB,LAC,38,31,1,NFL_2020/2021,usa/nfl-2020-2021/tampa-bay-buccaneers-los-angeles-chargers-lrplCkIq/,-357,284,-333,305
27-09-2020,LAC,CAR,16,21,0,NFL_2020/2021,usa/nfl-2020-2021/los-angeles-chargers-carolina-panthers-Khav6EeA/,-266,217,-250,235
20-09-2020,LAC,KC,20,23,0,NFL_2020/2021,usa/nfl-2020-2021/los-angeles-chargers-kansas-city-chiefs-KOeVKvkt/,311,-400,340,-357
13-09-2020,CIN,LAC,13,16,0,NFL_2020/2021,usa/nfl-2020-2021/cincinnati-bengals-los-angeles-chargers-f1YkAlyL/,115,-139,120,-128
29-12-2019,KC,LAC,31,21,1,NFL_2019/2020,usa/nfl-2019-2020/kansas-city-chiefs-los-angeles-chargers-hnZaNYJU/,-438,339,-385,363
22-12-2019,LAC,LV,17,24,0,NFL_2019/2020,usa/nfl-2019-2020/los-angeles-chargers-las-vegas-raiders-vqPN2txl/,-338,271,-312,290
15-12-2019,LAC,MIN,10,39,0,NFL_2019/2020,usa/nfl-2019-2020/los-angeles-chargers-minnesota-vikings-Qyqm9raK/,103,-124,108,-118
08-12-2019,JAX,LAC,10,45,0,NFL_2019/2020,usa/nfl-2019-2020/jacksonville-jaguars-los-angeles-chargers-4UhUdE9c/,151,-180,160,-175
01-12-2019,DEN,LAC,23,20,1,NFL_2019/2020,usa/nfl-2019-2020/denver-broncos-los-angeles-chargers-0d0YQDPT/,177,-211,190,-182
18-11-2019,LAC,KC,17,24,0,NFL_2019/2020,usa/nfl-2019-2020/los-angeles-chargers-kansas-city-chiefs-IBwKP9r8/,203,-250,220,-244
07-11-2019,LV,LAC,26,24,1,NFL_2019/2020,usa/nfl-2019-2020/las-vegas-raiders-los-angeles-chargers-ziSWaP3G/,101,-119,106,-115
03-11-2019,LAC,GB,26,11,1,NFL_2019/2020,usa/nfl-2019-2020/los-angeles-chargers-green-bay-packers-6BzG374i/,169,-203,184,-175
27-10-2019,CHI,LAC,16,17,0,NFL_2019/2020,usa/nfl-2019-2020/chicago-bears-los-angeles-chargers-WKr5kHqs/,-189,162,-182,171
20-10-2019,TEN,LAC,23,20,1,NFL_2019/2020,usa/nfl-2019-2020/tennessee-titans-los-angeles-chargers-nTrir0xE/,-155,133,-143,141
13-10-2019,LAC,PIT,17,24,0,NFL_2019/2020,usa/nfl-2019-2020/los-angeles-chargers-pittsburgh-steelers-CtaZ6wG7/,-287,235,-278,250
06-10-2019,LAC,DEN,13,20,0,NFL_2019/2020,usa/nfl-2019-2020/los-angeles-chargers-denver-broncos-OhW2Gjm4/,-230,191,-222,200
29-09-2019,MIA,LAC,10,30,0,NFL_2019/2020,usa/nfl-2019-2020/miami-dolphins-los-angeles-chargers-6JMBcxsP/,616,-926,683,-769
22-09-2019,LAC,HOU,20,27,0,NFL_2019/2020,usa/nfl-2019-2020/los-angeles-chargers-houston-texans-SSkb1xSg/,-165,142,-156,150
15-09-2019,DET,LAC,13,10,1,NFL_2019/2020,usa/nfl-2019-2020/detroit-lions-los-angeles-chargers-YPz2fUE9/,-104,-114,100,-108
08-09-2019,LAC,IND,30,24,1,NFL_2019/2020,usa/nfl-2019-2020/los-angeles-chargers-indianapolis-colts-88C5Qk0T/,-275,227,-263,245
29-08-2019,SF,LAC,24,27,0,NFL_2019/2020,usa/nfl-2019-2020/san-francisco-49ers-los-angeles-chargers-rFCxfRB6/,-254,192,-238,204
24-08-2019,LAC,SEA,15,23,0,NFL_2019/2020,usa/nfl-2019-2020/los-angeles-chargers-seattle-seahawks-Q9zn4BZD/,142,-175,150,-169
18-08-2019,LAC,NO,17,19,0,NFL_2019/2020,usa/nfl-2019-2020/los-angeles-chargers-new-orleans-saints-jR6LnCis/,121,-148,139,-139
08-08-2019,ARI,LAC,17,13,1,NFL_2019/2020,usa/nfl-2019-2020/arizona-cardinals-los-angeles-chargers-I9GUve62/,-167,136,-159,145
13-01-2019,NE,LAC,41,28,1,NFL_2018/2019,usa/nfl-2018-2019/new-england-patriots-los-angeles-chargers-foQO9gaa/,-195,164,-189,170
06-01-2019,BAL,LAC,17,23,0,NFL_2018/2019,usa/nfl-2018-2019/baltimore-ravens-los-angeles-chargers-zidMW6br/,-150,128,-145,138
30-12-2018,DEN,LAC,9,23,0,NFL_2018/2019,usa/nfl-2018-2019/denver-broncos-los-angeles-chargers-QVRYd1mD/,240,-299,250,-270
22-12-2018,LAC,BAL,10,22,0,NFL_2018/2019,usa/nfl-2018-2019/los-angeles-chargers-baltimore-ravens-QVBA0OWj/,-214,176,-204,186
13-12-2018,KC,LAC,28,29,0,NFL_2018/2019,usa/nfl-2018-2019/kansas-city-chiefs-los-angeles-chargers-lAEAqWea/,-201,168,-192,174
09-12-2018,LAC,CIN,26,21,1,NFL_2018/2019,usa/nfl-2018-2019/los-angeles-chargers-cincinnati-bengals-KfjmSUQO/,-1463,813,-1250,900
02-12-2018,PIT,LAC,30,33,0,NFL_2018/2019,usa/nfl-2018-2019/pittsburgh-steelers-los-angeles-chargers-bPHsP4EF/,-178,150,-169,162
25-11-2018,LAC,ARI,45,10,1,NFL_2018/2019,usa/nfl-2018-2019/los-angeles-chargers-arizona-cardinals-Yuwq43xj/,-1017,647,-909,719
18-11-2018,LAC,DEN,22,23,0,NFL_2018/2019,usa/nfl-2018-2019/los-angeles-chargers-denver-broncos-ALUIalo4/,-345,271,-333,288
11-11-2018,LV,LAC,6,20,0,NFL_2018/2019,usa/nfl-2018-2019/las-vegas-raiders-los-angeles-chargers-hQN66a2J/,397,-538,425,-455
04-11-2018,SEA,LAC,17,25,0,NFL_2018/2019,usa/nfl-2018-2019/seattle-seahawks-los-angeles-chargers-t8RWmWUf/,-112,-106,-106,104
21-10-2018,LAC,TEN,20,19,1,NFL_2018/2019,usa/nfl-2018-2019/los-angeles-chargers-tennessee-titans-bTiVqQXi/,-302,241,-278,250
14-10-2018,CLE,LAC,14,38,0,NFL_2018/2019,usa/nfl-2018-2019/cleveland-browns-los-angeles-chargers-jcJ9JTJn/,-112,-107,-105,-103
07-10-2018,LAC,LV,26,10,1,NFL_2018/2019,usa/nfl-2018-2019/los-angeles-chargers-las-vegas-raiders-84pIl9KC/,-236,195,-222,204
30-09-2018,LAC,SF,29,27,1,NFL_2018/2019,usa/nfl-2018-2019/los-angeles-chargers-san-francisco-49ers-pOEceKyS/,-488,367,-435,425
23-09-2018,LAR,LAC,35,23,1,NFL_2018/2019,usa/nfl-2018-2019/los-angeles-rams-los-angeles-chargers-nkKFvDZj/,-314,256,-294,275
16-09-2018,BUF,LAC,20,31,0,NFL_2018/2019,usa/nfl-2018-2019/buffalo-bills-los-angeles-chargers-fcrow0bn/,272,-345,294,-303
09-09-2018,LAC,KC,28,38,0,NFL_2018/2019,usa/nfl-2018-2019/los-angeles-chargers-kansas-city-chiefs-CGLzNm8l/,-185,157,-179,166
30-08-2018,SF,LAC,21,23,0,NFL_2018/2019,usa/nfl-2018-2019/san-francisco-49ers-los-angeles-chargers-jX77p5fL/,-175,149,-164,160
25-08-2018,LAC,NO,7,36,0,NFL_2018/2019,usa/nfl-2018-2019/los-angeles-chargers-new-orleans-saints-trbVBpld/,100,-122,108,-105
18-08-2018,LAC,SEA,24,14,1,NFL_2018/2019,usa/nfl-2018-2019/los-angeles-chargers-seattle-seahawks-8EZ78Bs4/,-140,118,-120,129
11-08-2018,ARI,LAC,24,17,1,NFL_2018/2019,usa/nfl-2018-2019/arizona-cardinals-los-angeles-chargers-f9UUfXe7/,-172,144,-169,152
31-12-2017,LAC,LV,30,10,1,NFL_2017/2018,usa/nfl-2017-2018/los-angeles-chargers-las-vegas-raiders-676yQKw5/,-312,253,-294,274
24-12-2017,NYJ,LAC,7,14,0,NFL_2017/2018,usa/nfl-2017-2018/new-york-jets-los-angeles-chargers-QFZoJCQK/,255,-315,264,-294
16-12-2017,KC,LAC,30,13,1,NFL_2017/2018,usa/nfl-2017-2018/kansas-city-chiefs-los-angeles-chargers-zil4wyDS/,-110,-109,-106,-104
10-12-2017,LAC,WSH,30,13,1,NFL_2017/2018,usa/nfl-2017-2018/los-angeles-chargers-washington-commanders-rwFdKe6j/,-269,224,-263,242
03-12-2017,LAC,CLE,19,10,1,NFL_2017/2018,usa/nfl-2017-2018/los-angeles-chargers-cleveland-browns-QZgWrKRg/,-875,606,-769,700
23-11-2017,DAL,LAC,6,28,0,NFL_2017/2018,usa/nfl-2017-2018/dallas-cowboys-los-angeles-chargers-fiDl3rE1/,-103,-116,102,-114
19-11-2017,LAC,BUF,54,24,1,NFL_2017/2018,usa/nfl-2017-2018/los-angeles-chargers-buffalo-bills-8rw9NCaG/,-310,249,-270,270
12-11-2017,JAX,LAC,20,17,1,NFL_2017/2018,usa/nfl-2017-2018/jacksonville-jaguars-los-angeles-chargers-lIU7fEVT/,-230,189,-217,200
29-10-2017,NE,LAC,21,13,1,NFL_2017/2018,usa/nfl-2017-2018/new-england-patriots-los-angeles-chargers-ARTkhU3E/,-292,236,-270,250
22-10-2017,LAC,DEN,21,0,1,NFL_2017/2018,usa/nfl-2017-2018/los-angeles-chargers-denver-broncos-0foSxk4R/,-105,-114,102,-105
15-10-2017,LV,LAC,16,17,0,NFL_2017/2018,usa/nfl-2017-2018/las-vegas-raiders-los-angeles-chargers-tCklL1Hd/,-161,136,-145,145
08-10-2017,NYG,LAC,22,27,0,NFL_2017/2018,usa/nfl-2017-2018/new-york-giants-los-angeles-chargers-zH9FKUQo/,-165,140,-154,150
01-10-2017,LAC,PHI,24,26,0,NFL_2017/2018,usa/nfl-2017-2018/los-angeles-chargers-philadelphia-eagles-lMrQafkJ/,-126,105,-118,110
24-09-2017,LAC,KC,10,24,0,NFL_2017/2018,usa/nfl-2017-2018/los-angeles-chargers-kansas-city-chiefs-pANRja6l/,124,-147,131,-145
17-09-2017,LAC,MIA,17,19,0,NFL_2017/2018,usa/nfl-2017-2018/los-angeles-chargers-miami-dolphins-tdDEQ2hq/,-185,156,-179,166
11-09-2017,DEN,LAC,24,21,1,NFL_2017/2018,usa/nfl-2017-2018/denver-broncos-los-angeles-chargers-C0L3VivB/,-148,125,-141,131
31-08-2017,SF,LAC,23,13,1,NFL_2017/2018,usa/nfl-2017-2018/san-francisco-49ers-los-angeles-chargers-vawCka33/,-190,160,-182,168
26-08-2017,LAR,LAC,19,21,0,NFL_2017/2018,usa/nfl-2017-2018/los-angeles-rams-los-angeles-chargers-hSnxwMJc/,-115,-106,-110,104
20-08-2017,LAC,NO,7,13,0,NFL_2017/2018,usa/nfl-2017-2018/los-angeles-chargers-new-orleans-saints-xWA8Eoyt/,-176,148,-161,160
13-08-2017,LAC,SEA,17,48,0,NFL_2017/2018,usa/nfl-2017-2018/los-angeles-chargers-seattle-seahawks-Sn4Nfip7/,-100,-120,108,-102
01-01-2017,LAC,KC,27,37,0,NFL_2016/2017,usa/nfl-2016-2017/los-angeles-chargers-kansas-city-chiefs-CGZwduf1/,198,-237,213,-227
24-12-2016,CLE,LAC,20,17,1,NFL_2016/2017,usa/nfl-2016-2017/cleveland-browns-los-angeles-chargers-lxDUeKx4/,180,-218,192,-208
18-12-2016,LAC,LV,16,19,0,NFL_2016/2017,usa/nfl-2016-2017/los-angeles-chargers-las-vegas-raiders-OYT6tuwH/,116,-137,125,-128
11-12-2016,CAR,LAC,28,16,1,NFL_2016/2017,usa/nfl-2016-2017/carolina-panthers-los-angeles-chargers-tYvBEVm7/,-117,-101,-112,106
04-12-2016,LAC,TB,21,28,0,NFL_2016/2017,usa/nfl-2016-2017/los-angeles-chargers-tampa-bay-buccaneers-K0eSMgtR/,-175,150,-161,166
27-11-2016,HOU,LAC,13,21,0,NFL_2016/2017,usa/nfl-2016-2017/houston-texans-los-angeles-chargers-bg59APj4/,116,-138,125,-130
13-11-2016,LAC,MIA,24,31,0,NFL_2016/2017,usa/nfl-2016-2017/los-angeles-chargers-miami-dolphins-xpY5ZBOt/,-204,169,-196,179
06-11-2016,LAC,TEN,43,35,1,NFL_2016/2017,usa/nfl-2016-2017/los-angeles-chargers-tennessee-titans-Kxat32X2/,-189,160,-185,166
30-10-2016,DEN,LAC,27,19,1,NFL_2016/2017,usa/nfl-2016-2017/denver-broncos-los-angeles-chargers-xpQlYsYS/,-191,161,-179,170
23-10-2016,ATL,LAC,30,33,0,NFL_2016/2017,usa/nfl-2016-2017/atlanta-falcons-los-angeles-chargers-YoKkPnkb/,-192,162,-127,186
13-10-2016,LAC,DEN,21,13,1,NFL_2016/2017,usa/nfl-2016-2017/los-angeles-chargers-denver-broncos-WQeAeHU0/,127,-150,140,-122
09-10-2016,LV,LAC,34,31,1,NFL_2016/2017,usa/nfl-2016-2017/las-vegas-raiders-los-angeles-chargers-CQlbbJpr/,-182,154,-125,175
02-10-2016,LAC,NO,34,35,0,NFL_2016/2017,usa/nfl-2016-2017/los-angeles-chargers-new-orleans-saints-Gz7gUvW1/,-176,151,-122,175
25-09-2016,IND,LAC,26,22,1,NFL_2016/2017,usa/nfl-2016-2017/indianapolis-colts-los-angeles-chargers-8EusFYjA/,-122,101,-116,114
18-09-2016,LAC,JAX,38,14,1,NFL_2016/2017,usa/nfl-2016-2017/los-angeles-chargers-jacksonville-jaguars-dbbxbtGI/,-144,121,-120,131
11-09-2016,KC,LAC,33,27,1,NFL_2016/2017,usa/nfl-2016-2017/kansas-city-chiefs-los-angeles-chargers-WljepDhk/,-250,217,-135,250
01-09-2016,LAC,SF,21,31,0,NFL_2016/2017,usa/nfl-2016-2017/los-angeles-chargers-san-francisco-49ers-dUWlsmtt/,-112,-109,-106,100
28-08-2016,MIN,LAC,23,10,1,NFL_2016/2017,usa/nfl-2016-2017/minnesota-vikings-los-angeles-chargers-pWvkCSt6/,-289,228,-250,250
19-08-2016,LAC,ARI,19,3,1,NFL_2016/2017,usa/nfl-2016-2017/los-angeles-chargers-arizona-cardinals-dhRS6X4Q/,101,-123,112,-108
13-08-2016,TEN,LAC,27,10,1,NFL_2016/2017,usa/nfl-2016-2017/tennessee-titans-los-angeles-chargers-zaj9f3F3/,-166,138,-161,145
03-01-2016,DEN,LAC,27,20,1,NFL_2015/2016,usa/nfl-2015-2016/denver-broncos-los-angeles-chargers-GUqYCgXi/,-480,370,-417,393
24-12-2015,LV,LAC,23,20,1,NFL_2015/2016,usa/nfl-2015-2016/las-vegas-raiders-los-angeles-chargers-fJi9in5E/,-194,167,-182,175
20-12-2015,LAC,MIA,30,14,1,NFL_2015/2016,usa/nfl-2015-2016/los-angeles-chargers-miami-dolphins-jk1JUOc1/,-115,-102,-108,104
13-12-2015,KC,LAC,10,3,1,NFL_2015/2016,usa/nfl-2015-2016/kansas-city-chiefs-los-angeles-chargers-O0UTNGpH/,-625,466,-526,519
06-12-2015,LAC,DEN,3,17,0,NFL_2015/2016,usa/nfl-2015-2016/los-angeles-chargers-denver-broncos-xMTqSAK5/,204,-246,214,-238
29-11-2015,JAX,LAC,25,31,0,NFL_2015/2016,usa/nfl-2015-2016/jacksonville-jaguars-los-angeles-chargers-hbBO3zxl/,-231,190,-222,206
22-11-2015,LAC,KC,3,33,0,NFL_2015/2016,usa/nfl-2015-2016/los-angeles-chargers-kansas-city-chiefs-4EjojH7l/,150,-175,154,-169
09-11-2015,LAC,CHI,19,22,0,NFL_2015/2016,usa/nfl-2015-2016/los-angeles-chargers-chicago-bears-l4w1NRXp/,-192,162,-179,170
01-11-2015,BAL,LAC,29,26,1,NFL_2015/2016,usa/nfl-2015-2016/baltimore-ravens-los-angeles-chargers-rRK0Ha5f/,-220,181,-213,191
25-10-2015,LAC,LV,29,37,0,NFL_2015/2016,usa/nfl-2015-2016/los-angeles-chargers-las-vegas-raiders-INyw2K57/,-189,160,-175,171
18-10-2015,GB,LAC,27,20,1,NFL_2015/2016,usa/nfl-2015-2016/green-bay-packers-los-angeles-chargers-YDQ6Kp6S/,-526,391,-500,438
12-10-2015,LAC,PIT,20,24,0,NFL_2015/2016,usa/nfl-2015-2016/los-angeles-chargers-pittsburgh-steelers-f33L8m7G/,-214,177,-200,181
04-10-2015,LAC,CLE,30,27,1,NFL_2015/2016,usa/nfl-2015-2016/los-angeles-chargers-cleveland-browns-QkC6ewXa/,-234,192,-227,204
27-09-2015,MIN,LAC,31,14,1,NFL_2015/2016,usa/nfl-2015-2016/minnesota-vikings-los-angeles-chargers-W8OoVtJf/,-132,112,-127,114
20-09-2015,CIN,LAC,24,19,1,NFL_2015/2016,usa/nfl-2015-2016/cincinnati-bengals-los-angeles-chargers-WUyyHjbp/,-180,154,-172,160
13-09-2015,LAC,DET,33,28,1,NFL_2015/2016,usa/nfl-2015-2016/los-angeles-chargers-detroit-lions-xjLR8g6N/,-180,154,-175,162
03-09-2015,SF,LAC,14,12,1,NFL_2015/2016,usa/nfl-2015-2016/san-francisco-49ers-los-angeles-chargers-0ANe3CCm/,-151,127,-141,129
29-08-2015,LAC,SEA,15,16,0,NFL_2015/2016,usa/nfl-2015-2016/los-angeles-chargers-seattle-seahawks-nakl7LDL/,150,-177,160,-167
22-08-2015,ARI,LAC,19,22,0,NFL_2015/2016,usa/nfl-2015-2016/arizona-cardinals-los-angeles-chargers-UmOqu3US/,-202,167,-182,179
13-08-2015,LAC,DAL,17,7,1,NFL_2015/2016,usa/nfl-2015-2016/los-angeles-chargers-dallas-cowboys-O4AETEPa/,-195,164,-185,170
28-12-2014,KC,LAC,19,7,1,NFL_2014/2015,usa/nfl-2014-2015/kansas-city-chiefs-los-angeles-chargers-MkyTFr4H/,-151,129,-139,137
20-12-2014,SF,LAC,35,38,0,NFL_2014/2015,usa/nfl-2014-2015/san-francisco-49ers-los-angeles-chargers-lIQP7T5t/,-128,108,-125,114
14-12-2014,LAC,DEN,10,22,0,NFL_2014/2015,usa/nfl-2014-2015/los-angeles-chargers-denver-broncos-EkHBjSz6/,170,-203,175,-189
07-12-2014,LAC,NE,14,23,0,NFL_2014/2015,usa/nfl-2014-2015/los-angeles-chargers-new-england-patriots-nZNloXbQ/,178,-218,186,-208
30-11-2014,BAL,LAC,33,34,0,NFL_2014/2015,usa/nfl-2014-2015/baltimore-ravens-los-angeles-chargers-W4YRZrfc/,-289,237,-278,252
23-11-2014,LAC,LAR,27,24,1,NFL_2014/2015,usa/nfl-2014-2015/los-angeles-chargers-los-angeles-rams-Uy0PLeEH/,-217,179,-200,188
16-11-2014,LAC,LV,13,6,1,NFL_2014/2015,usa/nfl-2014-2015/los-angeles-chargers-las-vegas-raiders-hITVBKpg/,-602,437,-500,500
02-11-2014,MIA,LAC,37,0,1,NFL_2014/2015,usa/nfl-2014-2015/miami-dolphins-los-angeles-chargers-lrWBkXXL/,-147,125,-141,129
23-10-2014,DEN,LAC,35,21,1,NFL_2014/2015,usa/nfl-2014-2015/denver-broncos-los-angeles-chargers-CSspuPDn/,-442,336,-417,358
19-10-2014,LAC,KC,20,23,0,NFL_2014/2015,usa/nfl-2014-2015/los-angeles-chargers-kansas-city-chiefs-6RENNNrC/,-167,142,-164,150
12-10-2014,LV,LAC,28,31,0,NFL_2014/2015,usa/nfl-2014-2015/las-vegas-raiders-los-angeles-chargers-067cJ8iQ/,284,-365,297,-345
05-10-2014,LAC,NYJ,31,0,1,NFL_2014/2015,usa/nfl-2014-2015/los-angeles-chargers-new-york-jets-2ymZaaZ7/,-313,248,-294,260
28-09-2014,LAC,JAX,33,14,1,NFL_2014/2015,usa/nfl-2014-2015/los-angeles-chargers-jacksonville-jaguars-ln6aAhib/,-758,521,-588,550
21-09-2014,BUF,LAC,10,22,0,NFL_2014/2015,usa/nfl-2014-2015/buffalo-bills-los-angeles-chargers-pYBxnI8t/,-132,111,-130,120
14-09-2014,LAC,SEA,30,21,1,NFL_2014/2015,usa/nfl-2014-2015/los-angeles-chargers-seattle-seahawks-0U9WkR9E/,191,-226,214,-217
08-09-2014,ARI,LAC,18,17,1,NFL_2014/2015,usa/nfl-2014-2015/arizona-cardinals-los-angeles-chargers-QBelwlQ8/,-153,133,-147,142
28-08-2014,LAC,ARI,12,9,1,NFL_2014/2015,usa/nfl-2014-2015/los-angeles-chargers-arizona-cardinals-80UqBVtG/,-173,146,-167,154
24-08-2014,SF,LAC,21,7,1,NFL_2014/2015,usa/nfl-2014-2015/san-francisco-49ers-los-angeles-chargers-dzQyBAPI/,-243,200,-222,210
15-08-2014,SEA,LAC,41,14,1,NFL_2014/2015,usa/nfl-2014-2015/seattle-seahawks-los-angeles-chargers-4rSyfIlR/,-275,225,-263,235
07-08-2014,LAC,DAL,27,7,1,NFL_2014/2015,usa/nfl-2014-2015/los-angeles-chargers-dallas-cowboys-YPEiNJDk/,-190,161,-179,172
12-01-2014,DEN,LAC,24,17,1,NFL_2013/2014,usa/nfl-2013-2014/denver-broncos-los-angeles-chargers-WzRwKNqm/,-373,292,-333,320
05-01-2014,CIN,LAC,10,27,0,NFL_2013/2014,usa/nfl-2013-2014/cincinnati-bengals-los-angeles-chargers-nDzvEkDk/,-270,219,-256,227
29-12-2013,LAC,KC,27,24,1,NFL_2013/2014,usa/nfl-2013-2014/los-angeles-chargers-kansas-city-chiefs-QeopFxv7/,-806,568,-556,671
22-12-2013,LAC,LV,26,13,1,NFL_2013/2014,usa/nfl-2013-2014/los-angeles-chargers-las-vegas-raiders-YL89PVec/,-495,375,-455,438
12-12-2013,DEN,LAC,20,27,0,NFL_2013/2014,usa/nfl-2013-2014/denver-broncos-los-angeles-chargers-4rnL17ng/,-515,382,-476,400
08-12-2013,LAC,NYG,37,14,1,NFL_2013/2014,usa/nfl-2013-2014/los-angeles-chargers-new-york-giants-KhLqLemE/,-222,181,-217,200
01-12-2013,LAC,CIN,10,17,0,NFL_2013/2014,usa/nfl-2013-2014/los-angeles-chargers-cincinnati-bengals-tYhqhcJR/,113,-135,120,-130
24-11-2013,KC,LAC,38,41,0,NFL_2013/2014,usa/nfl-2013-2014/kansas-city-chiefs-los-angeles-chargers-rDRAU2L3/,-180,154,-169,160
17-11-2013,MIA,LAC,20,16,1,NFL_2013/2014,usa/nfl-2013-2014/miami-dolphins-los-angeles-chargers-zFO4FWFa/,120,-142,125,-139
10-11-2013,LAC,DEN,20,28,0,NFL_2013/2014,usa/nfl-2013-2014/los-angeles-chargers-denver-broncos-Uy2waBVI/,242,-303,248,-278
03-11-2013,WSH,LAC,30,24,1,NFL_2013/2014,usa/nfl-2013-2014/washington-commanders-los-angeles-chargers-WvP8i86e/,-120,-103,-110,110
20-10-2013,JAX,LAC,6,24,0,NFL_2013/2014,usa/nfl-2013-2014/jacksonville-jaguars-los-angeles-chargers-fLMlVKgO/,270,-342,281,-323
14-10-2013,LAC,IND,19,9,1,NFL_2013/2014,usa/nfl-2013-2014/los-angeles-chargers-indianapolis-colts-Y5YuXtPB/,-105,-116,100,-105
06-10-2013,LV,LAC,27,17,1,NFL_2013/2014,usa/nfl-2013-2014/las-vegas-raiders-los-angeles-chargers-Q7VZHAJ7/,198,-245,204,-233
29-09-2013,LAC,DAL,30,21,1,NFL_2013/2014,usa/nfl-2013-2014/los-angeles-chargers-dallas-cowboys-4Ux9DeSL/,-105,-116,100,-105
22-09-2013,TEN,LAC,20,17,1,NFL_2013/2014,usa/nfl-2013-2014/tennessee-titans-los-angeles-chargers-bcJiluaA/,-155,130,-147,135
15-09-2013,PHI,LAC,30,33,0,NFL_2013/2014,usa/nfl-2013-2014/philadelphia-eagles-los-angeles-chargers-8O6o5hOQ/,-333,265,-323,285
09-09-2013,LAC,HOU,28,31,0,NFL_2013/2014,usa/nfl-2013-2014/los-angeles-chargers-houston-texans-CdDx7EgE/,187,-226,200,-213
29-08-2013,LAC,SF,6,41,0,NFL_2013/2014,usa/nfl-2013-2014/los-angeles-chargers-san-francisco-49ers-dSyBRoz5/,-114,-106,-110,100
24-08-2013,ARI,LAC,7,24,0,NFL_2013/2014,usa/nfl-2013-2014/arizona-cardinals-los-angeles-chargers-bcF6aTjC/,-206,170,-179,175
15-08-2013,CHI,LAC,33,28,1,NFL_2013/2014,usa/nfl-2013-2014/chicago-bears-los-angeles-chargers-lQj0d3v3/,-258,208,-233,210
08-08-2013,LAC,SEA,10,31,0,NFL_2013/2014,usa/nfl-2013-2014/los-angeles-chargers-seattle-seahawks-llc3szET/,131,-155,140,-143
30-12-2012,LAC,LV,24,21,1,NFL_2012/2013,usa/nfl-2012-2013/los-angeles-chargers-las-vegas-raiders-8bPXPamD/,-397,302,-345,320
23-12-2012,NYJ,LAC,17,27,0,NFL_2012/2013,usa/nfl-2012-2013/new-york-jets-los-angeles-chargers-8jmGi5r0/,-153,130,-139,145
16-12-2012,LAC,CAR,7,31,0,NFL_2012/2013,usa/nfl-2012-2013/los-angeles-chargers-carolina-panthers-ljfsePW1/,-166,140,-156,150
09-12-2012,PIT,LAC,24,34,0,NFL_2012/2013,usa/nfl-2012-2013/pittsburgh-steelers-los-angeles-chargers-OUqN3dJ4/,-379,294,-345,305
02-12-2012,LAC,CIN,13,20,0,NFL_2012/2013,usa/nfl-2012-2013/los-angeles-chargers-cincinnati-bengals-6VAKk9wP/,-115,-107,-111,104
25-11-2012,LAC,BAL,13,16,0,NFL_2012/2013,usa/nfl-2012-2013/los-angeles-chargers-baltimore-ravens-4UQEhHhD/,-104,-117,100,-109
18-11-2012,DEN,LAC,30,23,1,NFL_2012/2013,usa/nfl-2012-2013/denver-broncos-los-angeles-chargers-0I5GqM9r/,-370,294,-345,313
11-11-2012,TB,LAC,34,24,1,NFL_2012/2013,usa/nfl-2012-2013/tampa-bay-buccaneers-los-angeles-chargers-xGAVpouT/,-172,145,-161,152
01-11-2012,LAC,KC,31,13,1,NFL_2012/2013,usa/nfl-2012-2013/los-angeles-chargers-kansas-city-chiefs-vqs5YGk6/,-333,262,-303,280
28-10-2012,CLE,LAC,7,6,1,NFL_2012/2013,usa/nfl-2012-2013/cleveland-browns-los-angeles-chargers-fyJUwIQh/,129,-153,140,-145
15-10-2012,LAC,DEN,24,35,0,NFL_2012/2013,usa/nfl-2012-2013/los-angeles-chargers-denver-broncos-EqYUwc9e/,-112,-110,100,-104
07-10-2012,NO,LAC,31,24,1,NFL_2012/2013,usa/nfl-2012-2013/new-orleans-saints-los-angeles-chargers-CGZ7Y1XF/,-190,159,-179,170
30-09-2012,KC,LAC,20,37,0,NFL_2012/2013,usa/nfl-2012-2013/kansas-city-chiefs-los-angeles-chargers-rR8jFJV1/,108,-131,118,-130
23-09-2012,LAC,ATL,3,27,0,NFL_2012/2013,usa/nfl-2012-2013/los-angeles-chargers-atlanta-falcons-zcckvC2o/,-168,141,-161,146
16-09-2012,LAC,TEN,38,10,1,NFL_2012/2013,usa/nfl-2012-2013/los-angeles-chargers-tennessee-titans-bRQtaw5N/,-262,213,-244,220
10-09-2012,LV,LAC,14,22,0,NFL_2012/2013,usa/nfl-2012-2013/las-vegas-raiders-los-angeles-chargers-tSB3wJHC/,-118,-104,-114,102
30-08-2012,SF,LAC,35,3,1,NFL_2012/2013,usa/nfl-2012-2013/san-francisco-49ers-los-angeles-chargers-Gvq7OfBa/,-150,125,-141,135
24-08-2012,MIN,LAC,10,12,0,NFL_2012/2013,usa/nfl-2012-2013/minnesota-vikings-los-angeles-chargers-06RBZa23/,-219,179,-208,197
18-08-2012,LAC,DAL,28,20,1,NFL_2012/2013,usa/nfl-2012-2013/los-angeles-chargers-dallas-cowboys-M1mZLtY3/,-195,162,-182,175
09-08-2012,LAC,GB,21,13,1,NFL_2012/2013,usa/nfl-2012-2013/los-angeles-chargers-green-bay-packers-6eAfuPZH/,-139,116,-127,120
01-01-2012,LV,LAC,26,38,0,NFL_2011/2012,usa/nfl-2011-2012/las-vegas-raiders-los-angeles-chargers-MeLZt92R/,-140,117,-130,120
24-12-2011,DET,LAC,38,10,1,NFL_2011/2012,usa/nfl-2011-2012/detroit-lions-los-angeles-chargers-b7yaoWo5/,-114,-106,-105,104
18-12-2011,LAC,BAL,34,14,1,NFL_2011/2012,usa/nfl-2011-2012/los-angeles-chargers-baltimore-ravens-Y7xlyeIt/,-102,-121,102,-114
11-12-2011,LAC,BUF,37,10,1,NFL_2011/2012,usa/nfl-2011-2012/los-angeles-chargers-buffalo-bills-0nxC8xZm/,-360,280,-312,290
05-12-2011,JAX,LAC,14,38,0,NFL_2011/2012,usa/nfl-2011-2012/jacksonville-jaguars-los-angeles-chargers-OlPIz7ue/,145,-172,150,-161
27-11-2011,LAC,DEN,13,16,0,NFL_2011/2012,usa/nfl-2011-2012/los-angeles-chargers-denver-broncos-M9I0lBi4/,-208,173,-200,188
20-11-2011,CHI,LAC,31,20,1,NFL_2011/2012,usa/nfl-2011-2012/chicago-bears-los-angeles-chargers-hKazLCNH/,-235,192,-222,210
10-11-2011,LAC,LV,17,24,0,NFL_2011/2012,usa/nfl-2011-2012/los-angeles-chargers-las-vegas-raiders-IwPaZJU2/,-340,265,-333,289
06-11-2011,LAC,GB,38,45,0,NFL_2011/2012,usa/nfl-2011-2012/los-angeles-chargers-green-bay-packers-lQDVHIaS/,192,-238,200,-227
31-10-2011,KC,LAC,23,20,1,NFL_2011/2012,usa/nfl-2011-2012/kansas-city-chiefs-los-angeles-chargers-QDHW4uGM/,138,-164,145,-161
23-10-2011,NYJ,LAC,27,21,1,NFL_2011/2012,usa/nfl-2011-2012/new-york-jets-los-angeles-chargers-69G60gYP/,-107,-114,104,-106
09-10-2011,DEN,LAC,24,29,0,NFL_2011/2012,usa/nfl-2011-2012/denver-broncos-los-angeles-chargers-S0ppUzrr/,163,-195,171,-189
02-10-2011,LAC,MIA,26,16,1,NFL_2011/2012,usa/nfl-2011-2012/los-angeles-chargers-miami-dolphins-GzzNCr7j/,-325,257,-303,270
25-09-2011,LAC,KC,20,17,1,NFL_2011/2012,usa/nfl-2011-2012/los-angeles-chargers-kansas-city-chiefs-QZpwBkoh/,-1000,650,-909,802
18-09-2011,NE,LAC,35,21,1,NFL_2011/2012,usa/nfl-2011-2012/new-england-patriots-los-angeles-chargers-pbQEymQl/,-301,240,-278,250
11-09-2011,LAC,MIN,24,17,1,NFL_2011/2012,usa/nfl-2011-2012/los-angeles-chargers-minnesota-vikings-8WVS4ZiF/,-450,338,-400,372
01-09-2011,LAC,SF,17,20,0,NFL_2011/2012,usa/nfl-2011-2012/los-angeles-chargers-san-francisco-49ers-xUp4ANGN/,-160,135,-149,140
27-08-2011,ARI,LAC,31,34,0,NFL_2011/2012,usa/nfl-2011-2012/arizona-cardinals-los-angeles-chargers-KtWca625/,122,-146,127,-141
21-08-2011,DAL,LAC,7,20,0,NFL_2011/2012,usa/nfl-2011-2012/dallas-cowboys-los-angeles-chargers-4dIQ4yZQ/,-119,-103,-110,100
11-08-2011,LAC,SEA,17,24,0,NFL_2011/2012,usa/nfl-2011-2012/los-angeles-chargers-seattle-seahawks-bqPnsa9c/,-169,143,-159,150
02-01-2011,DEN,LAC,28,33,0,NFL_2010/2011,usa/nfl-2010-2011/denver-broncos-los-angeles-chargers-QmUjwIr9/,192,-234,200,-222
26-12-2010,CIN,LAC,34,20,1,NFL_2010/2011,usa/nfl-2010-2011/cincinnati-bengals-los-angeles-chargers-lfNN8wUS/,293,-373,305,-345
16-12-2010,LAC,SF,34,7,1,NFL_2010/2011,usa/nfl-2010-2011/los-angeles-chargers-san-francisco-49ers-jeJnpWf0/,-568,410,-500,461
12-12-2010,LAC,KC,31,0,1,NFL_2010/2011,usa/nfl-2010-2011/los-angeles-chargers-kansas-city-chiefs-dl2RnYAs/,-510,381,-500,430
05-12-2010,LAC,LV,13,28,0,NFL_2010/2011,usa/nfl-2010-2011/los-angeles-chargers-las-vegas-raiders-6XGUwOsG/,-725,477,-667,516
28-11-2010,IND,LAC,14,36,0,NFL_2010/2011,usa/nfl-2010-2011/indianapolis-colts-los-angeles-chargers-2sJFUSbo/,-133,110,-130,118
22-11-2010,LAC,DEN,35,14,1,NFL_2010/2011,usa/nfl-2010-2011/los-angeles-chargers-denver-broncos-O4cdGuJ5/,-450,332,-417,354
07-11-2010,HOU,LAC,23,29,0,NFL_2010/2011,usa/nfl-2010-2011/houston-texans-los-angeles-chargers-ChpwyDad/,123,-144,129,-135
31-10-2010,LAC,TEN,33,25,1,NFL_2010/2011,usa/nfl-2010-2011/los-angeles-chargers-tennessee-titans-bHh8TehT/,-243,197,-222,210
24-10-2010,LAC,NE,20,23,0,NFL_2010/2011,usa/nfl-2010-2011/los-angeles-chargers-new-england-patriots-vR08T4nC/,-132,109,-125,114
17-10-2010,LAR,LAC,20,17,1,NFL_2010/2011,usa/nfl-2010-2011/los-angeles-rams-los-angeles-chargers-YVnu3SmD/,311,-407,334,-385
10-10-2010,LV,LAC,35,27,1,NFL_2010/2011,usa/nfl-2010-2011/las-vegas-raiders-los-angeles-chargers-2apq6tw8/,251,-316,260,-294
03-10-2010,LAC,ARI,41,10,1,NFL_2010/2011,usa/nfl-2010-2011/los-angeles-chargers-arizona-cardinals-SjJ4DXvH/,-495,377,-400,425
26-09-2010,SEA,LAC,27,20,1,NFL_2010/2011,usa/nfl-2010-2011/seattle-seahawks-los-angeles-chargers-zPd25xdn/,169,-203,171,-189
19-09-2010,LAC,JAX,38,13,1,NFL_2010/2011,usa/nfl-2010-2011/los-angeles-chargers-jacksonville-jaguars-YcwIxKCg/,-316,250,-303,264
13-09-2010,KC,LAC,21,14,1,NFL_2010/2011,usa/nfl-2010-2011/kansas-city-chiefs-los-angeles-chargers-tbZkqVT8/,177,-216,185,-200
27-08-2010,NO,LAC,36,21,1,NFL_2010/2011,usa/nfl-2010-2011/new-orleans-saints-los-angeles-chargers-0dHTxsrU/,-170,146,-164,150
21-08-2010,LAC,DAL,14,16,0,NFL_2010/2011,usa/nfl-2010-2011/los-angeles-chargers-dallas-cowboys-GzKYONDU/,-149,126,-145,131
14-08-2010,LAC,CHI,25,10,1,NFL_2010/2011,usa/nfl-2010-2011/los-angeles-chargers-chicago-bears-AmfoYzoR/,-157,128,-149,135
17-01-2010,LAC,NYJ,14,17,0,NFL_2009/2010,usa/nfl-2009-2010/los-angeles-chargers-new-york-jets-pS1q2sxT/,-388,298,-333,334
03-01-2010,LAC,WSH,23,20,1,NFL_2009/2010,usa/nfl-2009-2010/los-angeles-chargers-washington-commanders-xYK6xVsD/,-169,141,-164,150
25-12-2009,TEN,LAC,17,42,0,NFL_2009/2010,usa/nfl-2009-2010/tennessee-titans-los-angeles-chargers-llWTzoGc/,-130,107,-125,117
20-12-2009,LAC,CIN,27,24,1,NFL_2009/2010,usa/nfl-2009-2010/los-angeles-chargers-cincinnati-bengals-EcK3I30T/,-299,238,-278,243
13-12-2009,DAL,LAC,17,20,0,NFL_2009/2010,usa/nfl-2009-2010/dallas-cowboys-los-angeles-chargers-xnWswpy3/,-187,157,-175,162
06-12-2009,CLE,LAC,23,30,0,NFL_2009/2010,usa/nfl-2009-2010/cleveland-browns-los-angeles-chargers-4vexQ5k6/,536,-800,570,-714
29-11-2009,LAC,KC,43,14,1,NFL_2009/2010,usa/nfl-2009-2010/los-angeles-chargers-kansas-city-chiefs-COhAdqPi/,-820,533,-769,570
22-11-2009,DEN,LAC,3,32,0,NFL_2009/2010,usa/nfl-2009-2010/denver-broncos-los-angeles-chargers-fgF9CjE1/,228,-280,229,-270
15-11-2009,LAC,PHI,31,23,1,NFL_2009/2010,usa/nfl-2009-2010/los-angeles-chargers-philadelphia-eagles-WlPmrePJ/,-113,-105,-110,100
08-11-2009,NYG,LAC,20,21,0,NFL_2009/2010,usa/nfl-2009-2010/new-york-giants-los-angeles-chargers-AV018Fpb/,-244,204,-238,219
01-11-2009,LAC,LV,24,16,1,NFL_2009/2010,usa/nfl-2009-2010/los-angeles-chargers-las-vegas-raiders-4pKf6Geh/,-1739,960,-1429,1040
25-10-2009,KC,LAC,7,37,0,NFL_2009/2010,usa/nfl-2009-2010/kansas-city-chiefs-los-angeles-chargers-G66cT0Y0/,198,-239,212,-233
19-10-2009,LAC,DEN,23,34,0,NFL_2009/2010,usa/nfl-2009-2010/los-angeles-chargers-denver-broncos-zTIS7Ny4/,-177,154,-175,163
04-10-2009,PIT,LAC,38,28,1,NFL_2009/2010,usa/nfl-2009-2010/pittsburgh-steelers-los-angeles-chargers-40tpiVaQ/,-265,210,-244,231
27-09-2009,LAC,MIA,23,13,1,NFL_2009/2010,usa/nfl-2009-2010/los-angeles-chargers-miami-dolphins-MLn2SxSE/,-247,203,-244,210
20-09-2009,LAC,BAL,26,31,0,NFL_2009/2010,usa/nfl-2009-2010/los-angeles-chargers-baltimore-ravens-6i5paSQD/,-129,111,-120,146
14-09-2009,LV,LAC,20,24,0,NFL_2009/2010,usa/nfl-2009-2010/las-vegas-raiders-los-angeles-chargers-2yAxAI7S/,398,-536,425,-500
04-09-2009,LAC,SF,26,7,1,NFL_2009/2010,usa/nfl-2009-2010/los-angeles-chargers-san-francisco-49ers-lYDl66V3/,-173,147,-167,156
29-08-2009,ATL,LAC,27,24,1,NFL_2009/2010,usa/nfl-2009-2010/atlanta-falcons-los-angeles-chargers-W0u0xWYI/,-179,152,-172,160
22-08-2009,ARI,LAC,6,17,0,NFL_2009/2010,usa/nfl-2009-2010/arizona-cardinals-los-angeles-chargers-Ee1xbDEp/,-156,131,-133,143
15-08-2009,LAC,SEA,14,20,0,NFL_2009/2010,usa/nfl-2009-2010/los-angeles-chargers-seattle-seahawks-Uk4uUsv1/,-187,154,-175,161
11-01-2009,PIT,LAC,35,24,1,NFL_2008/2009,usa/nfl-2008-2009/pittsburgh-steelers-los-angeles-chargers-jNW2jCSa/,-282,250,-278,260
28-12-2008,LAC,DEN,52,21,1,NFL_2008/2009,usa/nfl-2008-2009/los-angeles-chargers-denver-broncos-fc0rMWzE/,-303,272,-303,280
21-12-2008,TB,LAC,24,41,0,NFL_2008/2009,usa/nfl-2008-2009/tampa-bay-buccaneers-los-angeles-chargers-AkEm7V7H/,-206,182,-200,190
14-12-2008,KC,LAC,21,22,0,NFL_2008/2009,usa/nfl-2008-2009/kansas-city-chiefs-los-angeles-chargers-dI26KXzB/,232,-270,240,-263
04-12-2008,LAC,LV,34,7,1,NFL_2008/2009,usa/nfl-2008-2009/los-angeles-chargers-las-vegas-raiders-OCxHsr5P/,-435,379,-417,384
30-11-2008,LAC,ATL,16,22,0,NFL_2008/2009,usa/nfl-2008-2009/los-angeles-chargers-atlanta-falcons-joFx0lTs/,-253,227,-244,229
23-11-2008,LAC,IND,20,23,0,NFL_2008/2009,usa/nfl-2008-2009/los-angeles-chargers-indianapolis-colts-8tvTdp6n/,-149,134,-147,139
16-11-2008,PIT,LAC,11,10,1,NFL_2008/2009,usa/nfl-2008-2009/pittsburgh-steelers-los-angeles-chargers-xdIO0ZcB/,-217,184,-213,190
09-11-2008,LAC,KC,20,19,1,NFL_2008/2009,usa/nfl-2008-2009/los-angeles-chargers-kansas-city-chiefs-rkDonuUJ/,-1000,600,-1000,600
26-10-2008,NO,LAC,37,32,1,NFL_2008/2009,usa/nfl-2008-2009/new-orleans-saints-los-angeles-chargers-6gNHFBEj/,144,-154,144,-154
19-10-2008,BUF,LAC,23,14,1,NFL_2008/2009,usa/nfl-2008-2009/buffalo-bills-los-angeles-chargers-EJKoQq9s/,-112,102,-112,102
12-10-2008,LAC,NE,30,10,1,NFL_2008/2009,usa/nfl-2008-2009/los-angeles-chargers-new-england-patriots-OzsASws2/,-222,200,-222,200
05-10-2008,MIA,LAC,17,10,1,NFL_2008/2009,usa/nfl-2008-2009/miami-dolphins-los-angeles-chargers-ngEaL9Y1/,225,-244,225,-244
